id,x,y,deg
0,25.1453,-0.941562,336.371
1,25.1453,-0.0470516,156.371
